<?xml version="1.0" encoding="UTF-8"?>
<!-- this file is autogenerated, do not edit! -->
<!DOCTYPE section PUBLIC "-//OASIS//DTD DocBook XML V4.2//EN"
	"http://www.oasis-open.org/docbook/xml/4.2/docbookx.dtd">
<chapter id="counters.cdp">
	<title> Counters for cdp</title>


<section id="cdp.timeout">
    <title>cdp.timeout</title>
    <para>
        number of timeouts on CDP requests.
    </para>
    <para>
    </para>
</section>

<section id="cdp.replies_received">
    <title>cdp.replies_received</title>
    <para>
        total number of replies received.
    </para>
    <para>
    </para>
</section>

<section id="cdp.replies_response_time">
    <title>cdp.replies_response_time</title>
    <para>
        total time waiting for replies.
    </para>
    <para>
    </para>
</section>

<section id="cdp.queuelength">
    <title>cdp.queuelength</title>
    <para>
        current length of worker queue tasks.
    </para>
    <para>
    </para>
</section>

<section id="cdp.average_response_time">
    <title>cdp.average_response_time</title>
    <para>
        average response time for CDP replies.
    </para>
    <para>
    </para>
</section>

</chapter>
