<?xml version="1.0" encoding="UTF-8"?>
<!-- this file is autogenerated, do not edit! -->
<!DOCTYPE book PUBLIC "-//OASIS//DTD DocBook XML V4.2//EN"
	"http://www.oasis-open.org/docbook/xml/4.2/docbookx.dtd"
	[ <!ENTITY % local.common.attrib
	 "xmlns:xi CDATA #FIXED 'http://www.w3.org/2001/XInclude'">]
>
<book id="counter_list" xmlns:xi="http://www.w3.org/2001/XInclude">
	<title>Counter List</title>
	<bookinfo>
   <productname class="trade">kamailio.org</productname>
   <authorgroup>
    <author>
      <firstname>Kamailio</firstname>
      <surname>Development Team</surname>
      <affiliation><orgname>https://www.kamailio.org</orgname></affiliation>
      <address>sr-dev@lists.kamailio.org</address>
    </author>
   </authorgroup>
   <copyright>
    <year>2008-2017</year>
    <holder>Kamailio Project</holder>
   </copyright>
	</bookinfo>
		<xi:include href="counters_dns.xml"/>
		<xi:include href="counters_tcp.xml"/>
		<xi:include href="counters_cdp.xml"/>
		<xi:include href="counters_mysql.xml"/>
		<xi:include href="counters_ims_charging.xml"/>
		<xi:include href="counters_ims_dialog.xml"/>
		<xi:include href="counters_ims_qos.xml"/>
		<xi:include href="counters_ims_usrloc_scscf.xml"/>
		<xi:include href="counters_sctp.xml"/>
</book>
