<?xml version="1.0" encoding="UTF-8"?>
<!-- this file is autogenerated, do not edit! -->
<!DOCTYPE section PUBLIC "-//OASIS//DTD DocBook XML V4.2//EN"
	"http://www.oasis-open.org/docbook/xml/4.2/docbookx.dtd">
<chapter id="counters.ims_charging">
	<title> Counters for ims_charging</title>


<section id="ims_charging.active_ro_sessions">
    <title>ims_charging.active_ro_sessions</title>
    <para>
        number of currently active Ro sessions.
    </para>
    <para>
    </para>
</section>

<section id="ims_charging.billed_secs">
    <title>ims_charging.billed_secs</title>
    <para>
        total number of seconds billed since start or reset.
    </para>
    <para>
    </para>
</section>

<section id="ims_charging.ccr_avg_response_time">
    <title>ims_charging.ccr_avg_response_time</title>
    <para>
        avg response time for CCRs.
    </para>
    <para>
    </para>
</section>

<section id="ims_charging.ccr_response_time">
    <title>ims_charging.ccr_response_time</title>
    <para>
        total number of seconds waiting for CCR responses.
    </para>
    <para>
    </para>
</section>

<section id="ims_charging.ccr_timeouts">
    <title>ims_charging.ccr_timeouts</title>
    <para>
        total number of CCR timeouts.
    </para>
    <para>
    </para>
</section>

<section id="ims_charging.failed_final_ccrs">
    <title>ims_charging.failed_final_ccrs</title>
    <para>
        total number of failed final CCRs.
    </para>
    <para>
    </para>
</section>

<section id="ims_charging.failed_initial_ccrs">
    <title>ims_charging.failed_initial_ccrs</title>
    <para>
        total number of failed initial CCRs.
    </para>
    <para>
    </para>
</section>

<section id="ims_charging.failed_interim_ccrs">
    <title>ims_charging.failed_interim_ccrs</title>
    <para>
        total number of failed interim CCRs.
    </para>
    <para>
    </para>
</section>

<section id="ims_charging.final_ccrs">
    <title>ims_charging.final_ccrs</title>
    <para>
        total number of final (terminating) CCRs.
    </para>
    <para>
    </para>
</section>

<section id="ims_charging.initial_ccrs">
    <title>ims_charging.initial_ccrs</title>
    <para>
        total number of initial CCRs.
    </para>
    <para>
    </para>
</section>

<section id="ims_charging.interim_ccrs">
    <title>ims_charging.interim_ccrs</title>
    <para>
        total number of interim CCRs.
    </para>
    <para>
    </para>
</section>

<section id="ims_charging.killed_calls">
    <title>ims_charging.killed_calls</title>
    <para>
        total number of killed calls.
    </para>
    <para>
    </para>
</section>

<section id="ims_charging.successful_final_ccrs">
    <title>ims_charging.successful_final_ccrs</title>
    <para>
        total number of successful final CCRs.
    </para>
    <para>
    </para>
</section>

<section id="ims_charging.successful_initial_ccrs">
    <title>ims_charging.successful_initial_ccrs</title>
    <para>
        total number of successful initial CCRs.
    </para>
    <para>
    </para>
</section>

<section id="ims_charging.successful_interim_ccrs">
    <title>ims_charging.successful_interim_ccrs</title>
    <para>
        total number of successful interim CCRs.
    </para>
    <para>
    </para>
</section>

<section id="ims_charging.ccr_replies_received">
    <title>ims_charging.ccr_replies_received</title>
    <para>
        total number of CCR replies received.
    </para>
    <para>
    </para>
</section>

</chapter>
