<?xml version="1.0" encoding="UTF-8"?>
<!-- this file is autogenerated, do not edit! -->
<!DOCTYPE section PUBLIC "-//OASIS//DTD DocBook XML V4.2//EN"
	"http://www.oasis-open.org/docbook/xml/4.2/docbookx.dtd">
<chapter id="counters.ims_dialog">
	<title> Counters for ims_dialog</title>


<section id="ims_dialog.active">
    <title>ims_dialog.active</title>
    <para>
        number of current active (answered) dialogs.
    </para>
    <para>
    </para>
</section>

<section id="ims_dialog.early">
    <title>ims_dialog.early</title>
    <para>
        number of current early dialogs.
    </para>
    <para>
    </para>
</section>

<section id="ims_dialog.expired">
    <title>ims_dialog.expired</title>
    <para>
        number of expired dialogs (forcibly killed).
    </para>
    <para>
    </para>
</section>

<section id="ims_dialog.processed">
    <title>ims_dialog.processed</title>
    <para>
        number of processed dialogs.
    </para>
    <para>
    </para>
</section>

</chapter>
