<?xml version="1.0" encoding="UTF-8"?>
<!-- this file is autogenerated, do not edit! -->
<!DOCTYPE section PUBLIC "-//OASIS//DTD DocBook XML V4.2//EN"
	"http://www.oasis-open.org/docbook/xml/4.2/docbookx.dtd">
<chapter id="config_vars.registrar">
	<title> Configuration Variables for registrar</title>


<section id="registrar.realm_pref">
    <title>registrar.realm_pref</title>
    <para>
        Realm prefix to be removed. Default is &quot;&quot;.
    </para>
    <para>Default value: &lt;unknown:str&gt;.</para>
    <para>Type: string.</para>
    <para>
    </para>
</section>

<section id="registrar.default_expires">
    <title>registrar.default_expires</title>
    <para>
        Contains number of second to expire if no expire hf or contact
        expire present.
    </para>
    <para>Default value: 3600.</para>
    <para>Type: integer.</para>
    <para>
    </para>
</section>

<section id="registrar.default_expires_range">
    <title>registrar.default_expires_range</title>
    <para>
        Percent from default_expires that will be used in generating
        the range for the expire interval.
    </para>
    <para>Default value: 0.</para>
    <para>Range: 0 - 100.</para>
    <para>Type: integer.</para>
    <para>
    </para>
</section>

<section id="registrar.expires_range">
    <title>registrar.expires_range</title>
    <para>
        Percent from incoming expires that will be used in generating
        the range for the expire interval.
    </para>
    <para>Default value: 0.</para>
    <para>Range: 0 - 100.</para>
    <para>Type: integer.</para>
    <para>
    </para>
</section>

<section id="registrar.min_expires">
    <title>registrar.min_expires</title>
    <para>
        The minimum expires value of a Contact. Value 0 disables the
        checking. .
    </para>
    <para>Default value: 60.</para>
    <para>Type: integer.</para>
    <para>
    </para>
</section>

<section id="registrar.max_expires">
    <title>registrar.max_expires</title>
    <para>
        The maximum expires value of a Contact. Value 0 disables the
        checking. .
    </para>
    <para>Default value: 0.</para>
    <para>Type: integer.</para>
    <para>
    </para>
</section>

<section id="registrar.max_contacts">
    <title>registrar.max_contacts</title>
    <para>
        The maximum number of Contacts for an AOR. Value 0 disables the
        checking. .
    </para>
    <para>Default value: 0.</para>
    <para>Type: integer.</para>
    <para>
    </para>
</section>

<section id="registrar.retry_after">
    <title>registrar.retry_after</title>
    <para>
        If you want to add the Retry-After header field in 5xx replies,
        set this parameter to a value grater than zero.
    </para>
    <para>Default value: 0.</para>
    <para>Type: integer.</para>
    <para>
    </para>
</section>

<section id="registrar.case_sensitive">
    <title>registrar.case_sensitive</title>
    <para>
        If set to 1 then AOR comparison will be case sensitive.
        Recommended and default is 0, case insensitive.
    </para>
    <para>Default value: 0.</para>
    <para>Type: integer.</para>
    <para>
    </para>
</section>

<section id="registrar.default_q">
    <title>registrar.default_q</title>
    <para>
        The parameter represents default q value for new contacts..
    </para>
    <para>Default value: -1.</para>
    <para>Range: -1 - 1000.</para>
    <para>Type: integer.</para>
    <para>
    </para>
</section>

<section id="registrar.append_branches">
    <title>registrar.append_branches</title>
    <para>
        If set to 1(default), lookup will put all contacts found in msg
        structure.
    </para>
    <para>Default value: 1.</para>
    <para>Type: integer.</para>
    <para>
    </para>
</section>

</chapter>
