<?xml version="1.0" encoding="UTF-8"?>
<!-- this file is autogenerated, do not edit! -->
<!DOCTYPE section PUBLIC "-//OASIS//DTD DocBook XML V4.2//EN"
	"http://www.oasis-open.org/docbook/xml/4.2/docbookx.dtd">
<chapter id="select_list.textopsx">
	<title>Selects for textopsx</title>
	<orderedlist>


	<listitem><simpara>@hf_value.&lt;string&gt;{[integer]}</simpara>
	</listitem>

	<listitem><simpara>@hf_value.&lt;string&gt;{[integer]}.param[&quot;string&quot;]</simpara>
	</listitem>

	<listitem><simpara>@hf_value.&lt;string&gt;{[integer]}.p[&quot;string&quot;]</simpara>
	</listitem>

	<listitem><simpara>@hf_value.&lt;string&gt;{[integer]}.uri</simpara>
	</listitem>

	<listitem><simpara>@hf_value.&lt;string&gt;{[integer]}.uri.type</simpara>
	</listitem>

	<listitem><simpara>@hf_value.&lt;string&gt;{[integer]}.uri.user</simpara>
	</listitem>

	<listitem><simpara>@hf_value.&lt;string&gt;{[integer]}.uri.rn_user</simpara>
	</listitem>

	<listitem><simpara>@hf_value.&lt;string&gt;{[integer]}.uri.pwd</simpara>
	</listitem>

	<listitem><simpara>@hf_value.&lt;string&gt;{[integer]}.uri.host</simpara>
	</listitem>

	<listitem><simpara>@hf_value.&lt;string&gt;{[integer]}.uri.port</simpara>
	</listitem>

	<listitem><simpara>@hf_value.&lt;string&gt;{[integer]}.uri.params{[&quot;string&quot;]}</simpara>
	</listitem>

	<listitem><simpara>@hf_value.&lt;string&gt;{[integer]}.uri.hostport</simpara>
	</listitem>

	<listitem><simpara>@hf_value.&lt;string&gt;{[integer]}.uri.transport</simpara>
	</listitem>

	<listitem><simpara>@hf_value.&lt;string&gt;{[integer]}.name</simpara>
	</listitem>

	<listitem><simpara>@hf_value.&lt;string&gt;{[integer]}.nameaddr.name</simpara>
	</listitem>

	<listitem><simpara>@hf_value.&lt;string&gt;{[integer]}.nameaddr.uri</simpara>
	</listitem>

	<listitem><simpara>@hf_value.&lt;string&gt;{[integer]}.nameaddr.uri.type</simpara>
	</listitem>

	<listitem><simpara>@hf_value.&lt;string&gt;{[integer]}.nameaddr.uri.user</simpara>
	</listitem>

	<listitem><simpara>@hf_value.&lt;string&gt;{[integer]}.nameaddr.uri.rn_user</simpara>
	</listitem>

	<listitem><simpara>@hf_value.&lt;string&gt;{[integer]}.nameaddr.uri.pwd</simpara>
	</listitem>

	<listitem><simpara>@hf_value.&lt;string&gt;{[integer]}.nameaddr.uri.host</simpara>
	</listitem>

	<listitem><simpara>@hf_value.&lt;string&gt;{[integer]}.nameaddr.uri.port</simpara>
	</listitem>

	<listitem><simpara>@hf_value.&lt;string&gt;{[integer]}.nameaddr.uri.params{[&quot;string&quot;]}</simpara>
	</listitem>

	<listitem><simpara>@hf_value.&lt;string&gt;{[integer]}.nameaddr.uri.hostport</simpara>
	</listitem>

	<listitem><simpara>@hf_value.&lt;string&gt;{[integer]}.nameaddr.uri.transport</simpara>
	</listitem>

	<listitem><simpara>@hf_value.&lt;string&gt;{[integer]}.nameaddr.params{[&quot;string&quot;]}</simpara>
	</listitem>

	<listitem><simpara>@hf_value.&lt;string&gt;{[integer]}.params[&quot;string&quot;]</simpara>
	</listitem>

	<listitem><simpara>@hf_value.&lt;string&gt;{[integer]}.&lt;string&gt;</simpara>
	</listitem>

	<listitem><simpara>@hf_value_exists[&quot;string&quot;].&lt;string&gt;</simpara>
	</listitem>

	<listitem><simpara>@hf_value2.&lt;string&gt;{[integer]}</simpara>
	</listitem>

	<listitem><simpara>@hf_value2.&lt;string&gt;{[integer]}.params[&quot;string&quot;]</simpara>
	</listitem>

	<listitem><simpara>@hf_value2.&lt;string&gt;{[integer]}.&lt;string&gt;</simpara>
	</listitem>

	</orderedlist>
</chapter>
