<?xml version="1.0" encoding="UTF-8"?>
<!-- this file is autogenerated, do not edit! -->
<!DOCTYPE section PUBLIC "-//OASIS//DTD DocBook XML V4.2//EN"
	"http://www.oasis-open.org/docbook/xml/4.2/docbookx.dtd">
<chapter id="select_list.core">
	<title>Selects for core</title>
	<orderedlist>


	<listitem><simpara>@ruri</simpara>
	</listitem>

	<listitem><simpara>@ruri.type</simpara>
	</listitem>

	<listitem><simpara>@ruri.user</simpara>
	</listitem>

	<listitem><simpara>@ruri.rn_user</simpara>
	</listitem>

	<listitem><simpara>@ruri.pwd</simpara>
	</listitem>

	<listitem><simpara>@ruri.host</simpara>
	</listitem>

	<listitem><simpara>@ruri.port</simpara>
	</listitem>

	<listitem><simpara>@ruri.params{[&quot;string&quot;]}</simpara>
	</listitem>

	<listitem><simpara>@ruri.hostport</simpara>
	</listitem>

	<listitem><simpara>@ruri.transport</simpara>
	</listitem>

	<listitem><simpara>@request_uri</simpara>
	</listitem>

	<listitem><simpara>@request_uri.type</simpara>
	</listitem>

	<listitem><simpara>@request_uri.user</simpara>
	</listitem>

	<listitem><simpara>@request_uri.rn_user</simpara>
	</listitem>

	<listitem><simpara>@request_uri.pwd</simpara>
	</listitem>

	<listitem><simpara>@request_uri.host</simpara>
	</listitem>

	<listitem><simpara>@request_uri.port</simpara>
	</listitem>

	<listitem><simpara>@request_uri.params{[&quot;string&quot;]}</simpara>
	</listitem>

	<listitem><simpara>@request_uri.hostport</simpara>
	</listitem>

	<listitem><simpara>@request_uri.transport</simpara>
	</listitem>

	<listitem><simpara>@dst_uri</simpara>
	</listitem>

	<listitem><simpara>@dst_uri.type</simpara>
	</listitem>

	<listitem><simpara>@dst_uri.user</simpara>
	</listitem>

	<listitem><simpara>@dst_uri.rn_user</simpara>
	</listitem>

	<listitem><simpara>@dst_uri.pwd</simpara>
	</listitem>

	<listitem><simpara>@dst_uri.host</simpara>
	</listitem>

	<listitem><simpara>@dst_uri.port</simpara>
	</listitem>

	<listitem><simpara>@dst_uri.params{[&quot;string&quot;]}</simpara>
	</listitem>

	<listitem><simpara>@dst_uri.hostport</simpara>
	</listitem>

	<listitem><simpara>@dst_uri.transport</simpara>
	</listitem>

	<listitem><simpara>@next_hop</simpara>
	</listitem>

	<listitem><simpara>@next_hop.src_ip</simpara>
	</listitem>

	<listitem><simpara>@next_hop.type</simpara>
	</listitem>

	<listitem><simpara>@next_hop.user</simpara>
	</listitem>

	<listitem><simpara>@next_hop.rn_user</simpara>
	</listitem>

	<listitem><simpara>@next_hop.pwd</simpara>
	</listitem>

	<listitem><simpara>@next_hop.host</simpara>
	</listitem>

	<listitem><simpara>@next_hop.port</simpara>
	</listitem>

	<listitem><simpara>@next_hop.params{[&quot;string&quot;]}</simpara>
	</listitem>

	<listitem><simpara>@next_hop.hostport</simpara>
	</listitem>

	<listitem><simpara>@next_hop.transport</simpara>
	</listitem>

	<listitem><simpara>@from</simpara>
	</listitem>

	<listitem><simpara>@from.uri</simpara>
	</listitem>

	<listitem><simpara>@from.uri.type</simpara>
	</listitem>

	<listitem><simpara>@from.uri.user</simpara>
	</listitem>

	<listitem><simpara>@from.uri.rn_user</simpara>
	</listitem>

	<listitem><simpara>@from.uri.pwd</simpara>
	</listitem>

	<listitem><simpara>@from.uri.host</simpara>
	</listitem>

	<listitem><simpara>@from.uri.port</simpara>
	</listitem>

	<listitem><simpara>@from.uri.params{[&quot;string&quot;]}</simpara>
	</listitem>

	<listitem><simpara>@from.uri.hostport</simpara>
	</listitem>

	<listitem><simpara>@from.uri.transport</simpara>
	</listitem>

	<listitem><simpara>@from.tag</simpara>
	</listitem>

	<listitem><simpara>@from.name</simpara>
	</listitem>

	<listitem><simpara>@from.params[&quot;string&quot;]</simpara>
	</listitem>

	<listitem><simpara>@f</simpara>
	</listitem>

	<listitem><simpara>@f.uri</simpara>
	</listitem>

	<listitem><simpara>@f.uri.type</simpara>
	</listitem>

	<listitem><simpara>@f.uri.user</simpara>
	</listitem>

	<listitem><simpara>@f.uri.rn_user</simpara>
	</listitem>

	<listitem><simpara>@f.uri.pwd</simpara>
	</listitem>

	<listitem><simpara>@f.uri.host</simpara>
	</listitem>

	<listitem><simpara>@f.uri.port</simpara>
	</listitem>

	<listitem><simpara>@f.uri.params{[&quot;string&quot;]}</simpara>
	</listitem>

	<listitem><simpara>@f.uri.hostport</simpara>
	</listitem>

	<listitem><simpara>@f.uri.transport</simpara>
	</listitem>

	<listitem><simpara>@f.tag</simpara>
	</listitem>

	<listitem><simpara>@f.name</simpara>
	</listitem>

	<listitem><simpara>@f.params[&quot;string&quot;]</simpara>
	</listitem>

	<listitem><simpara>@to</simpara>
	</listitem>

	<listitem><simpara>@to.uri</simpara>
	</listitem>

	<listitem><simpara>@to.uri.type</simpara>
	</listitem>

	<listitem><simpara>@to.uri.user</simpara>
	</listitem>

	<listitem><simpara>@to.uri.rn_user</simpara>
	</listitem>

	<listitem><simpara>@to.uri.pwd</simpara>
	</listitem>

	<listitem><simpara>@to.uri.host</simpara>
	</listitem>

	<listitem><simpara>@to.uri.port</simpara>
	</listitem>

	<listitem><simpara>@to.uri.params{[&quot;string&quot;]}</simpara>
	</listitem>

	<listitem><simpara>@to.uri.hostport</simpara>
	</listitem>

	<listitem><simpara>@to.uri.transport</simpara>
	</listitem>

	<listitem><simpara>@to.tag</simpara>
	</listitem>

	<listitem><simpara>@to.name</simpara>
	</listitem>

	<listitem><simpara>@to.params[&quot;string&quot;]</simpara>
	</listitem>

	<listitem><simpara>@t</simpara>
	</listitem>

	<listitem><simpara>@t.uri</simpara>
	</listitem>

	<listitem><simpara>@t.uri.type</simpara>
	</listitem>

	<listitem><simpara>@t.uri.user</simpara>
	</listitem>

	<listitem><simpara>@t.uri.rn_user</simpara>
	</listitem>

	<listitem><simpara>@t.uri.pwd</simpara>
	</listitem>

	<listitem><simpara>@t.uri.host</simpara>
	</listitem>

	<listitem><simpara>@t.uri.port</simpara>
	</listitem>

	<listitem><simpara>@t.uri.params{[&quot;string&quot;]}</simpara>
	</listitem>

	<listitem><simpara>@t.uri.hostport</simpara>
	</listitem>

	<listitem><simpara>@t.uri.transport</simpara>
	</listitem>

	<listitem><simpara>@t.tag</simpara>
	</listitem>

	<listitem><simpara>@t.name</simpara>
	</listitem>

	<listitem><simpara>@t.params[&quot;string&quot;]</simpara>
	</listitem>

	<listitem><simpara>@refer_to</simpara>
	</listitem>

	<listitem><simpara>@refer_to.uri</simpara>
	</listitem>

	<listitem><simpara>@refer_to.uri.type</simpara>
	</listitem>

	<listitem><simpara>@refer_to.uri.user</simpara>
	</listitem>

	<listitem><simpara>@refer_to.uri.rn_user</simpara>
	</listitem>

	<listitem><simpara>@refer_to.uri.pwd</simpara>
	</listitem>

	<listitem><simpara>@refer_to.uri.host</simpara>
	</listitem>

	<listitem><simpara>@refer_to.uri.port</simpara>
	</listitem>

	<listitem><simpara>@refer_to.uri.params{[&quot;string&quot;]}</simpara>
	</listitem>

	<listitem><simpara>@refer_to.uri.hostport</simpara>
	</listitem>

	<listitem><simpara>@refer_to.uri.transport</simpara>
	</listitem>

	<listitem><simpara>@refer_to.tag</simpara>
	</listitem>

	<listitem><simpara>@refer_to.name</simpara>
	</listitem>

	<listitem><simpara>@refer_to.params[&quot;string&quot;]</simpara>
	</listitem>

	<listitem><simpara>@remote_party_id</simpara>
	</listitem>

	<listitem><simpara>@remote_party_id.uri</simpara>
	</listitem>

	<listitem><simpara>@remote_party_id.uri.type</simpara>
	</listitem>

	<listitem><simpara>@remote_party_id.uri.user</simpara>
	</listitem>

	<listitem><simpara>@remote_party_id.uri.rn_user</simpara>
	</listitem>

	<listitem><simpara>@remote_party_id.uri.pwd</simpara>
	</listitem>

	<listitem><simpara>@remote_party_id.uri.host</simpara>
	</listitem>

	<listitem><simpara>@remote_party_id.uri.port</simpara>
	</listitem>

	<listitem><simpara>@remote_party_id.uri.params{[&quot;string&quot;]}</simpara>
	</listitem>

	<listitem><simpara>@remote_party_id.uri.hostport</simpara>
	</listitem>

	<listitem><simpara>@remote_party_id.uri.transport</simpara>
	</listitem>

	<listitem><simpara>@remote_party_id.tag</simpara>
	</listitem>

	<listitem><simpara>@remote_party_id.name</simpara>
	</listitem>

	<listitem><simpara>@remote_party_id.params[&quot;string&quot;]</simpara>
	</listitem>

	<listitem><simpara>@rpid</simpara>
	</listitem>

	<listitem><simpara>@rpid.uri</simpara>
	</listitem>

	<listitem><simpara>@rpid.uri.type</simpara>
	</listitem>

	<listitem><simpara>@rpid.uri.user</simpara>
	</listitem>

	<listitem><simpara>@rpid.uri.rn_user</simpara>
	</listitem>

	<listitem><simpara>@rpid.uri.pwd</simpara>
	</listitem>

	<listitem><simpara>@rpid.uri.host</simpara>
	</listitem>

	<listitem><simpara>@rpid.uri.port</simpara>
	</listitem>

	<listitem><simpara>@rpid.uri.params{[&quot;string&quot;]}</simpara>
	</listitem>

	<listitem><simpara>@rpid.uri.hostport</simpara>
	</listitem>

	<listitem><simpara>@rpid.uri.transport</simpara>
	</listitem>

	<listitem><simpara>@rpid.tag</simpara>
	</listitem>

	<listitem><simpara>@rpid.name</simpara>
	</listitem>

	<listitem><simpara>@rpid.params[&quot;string&quot;]</simpara>
	</listitem>

	<listitem><simpara>@contact</simpara>
	</listitem>

	<listitem><simpara>@contact.uri</simpara>
	</listitem>

	<listitem><simpara>@contact.uri.type</simpara>
	</listitem>

	<listitem><simpara>@contact.uri.user</simpara>
	</listitem>

	<listitem><simpara>@contact.uri.rn_user</simpara>
	</listitem>

	<listitem><simpara>@contact.uri.pwd</simpara>
	</listitem>

	<listitem><simpara>@contact.uri.host</simpara>
	</listitem>

	<listitem><simpara>@contact.uri.port</simpara>
	</listitem>

	<listitem><simpara>@contact.uri.params{[&quot;string&quot;]}</simpara>
	</listitem>

	<listitem><simpara>@contact.uri.hostport</simpara>
	</listitem>

	<listitem><simpara>@contact.uri.transport</simpara>
	</listitem>

	<listitem><simpara>@contact.name</simpara>
	</listitem>

	<listitem><simpara>@contact.q</simpara>
	</listitem>

	<listitem><simpara>@contact.expires</simpara>
	</listitem>

	<listitem><simpara>@contact.methods</simpara>
	</listitem>

	<listitem><simpara>@contact.received</simpara>
	</listitem>

	<listitem><simpara>@contact.instance</simpara>
	</listitem>

	<listitem><simpara>@contact.params[&quot;string&quot;]</simpara>
	</listitem>

	<listitem><simpara>@m</simpara>
	</listitem>

	<listitem><simpara>@m.uri</simpara>
	</listitem>

	<listitem><simpara>@m.uri.type</simpara>
	</listitem>

	<listitem><simpara>@m.uri.user</simpara>
	</listitem>

	<listitem><simpara>@m.uri.rn_user</simpara>
	</listitem>

	<listitem><simpara>@m.uri.pwd</simpara>
	</listitem>

	<listitem><simpara>@m.uri.host</simpara>
	</listitem>

	<listitem><simpara>@m.uri.port</simpara>
	</listitem>

	<listitem><simpara>@m.uri.params{[&quot;string&quot;]}</simpara>
	</listitem>

	<listitem><simpara>@m.uri.hostport</simpara>
	</listitem>

	<listitem><simpara>@m.uri.transport</simpara>
	</listitem>

	<listitem><simpara>@m.name</simpara>
	</listitem>

	<listitem><simpara>@m.q</simpara>
	</listitem>

	<listitem><simpara>@m.expires</simpara>
	</listitem>

	<listitem><simpara>@m.methods</simpara>
	</listitem>

	<listitem><simpara>@m.received</simpara>
	</listitem>

	<listitem><simpara>@m.instance</simpara>
	</listitem>

	<listitem><simpara>@m.params[&quot;string&quot;]</simpara>
	</listitem>

	<listitem><simpara>@via{[integer]}</simpara>
	</listitem>

	<listitem><simpara>@via{[integer]}.name</simpara>
	</listitem>

	<listitem><simpara>@via{[integer]}.version</simpara>
	</listitem>

	<listitem><simpara>@via{[integer]}.transport</simpara>
	</listitem>

	<listitem><simpara>@via{[integer]}.host</simpara>
	</listitem>

	<listitem><simpara>@via{[integer]}.port</simpara>
	</listitem>

	<listitem><simpara>@via{[integer]}.comment</simpara>
	</listitem>

	<listitem><simpara>@via{[integer]}.branch</simpara>
	</listitem>

	<listitem><simpara>@via{[integer]}.received</simpara>
	</listitem>

	<listitem><simpara>@via{[integer]}.rport</simpara>
	</listitem>

	<listitem><simpara>@via{[integer]}.i</simpara>
	</listitem>

	<listitem><simpara>@via{[integer]}.alias</simpara>
	</listitem>

	<listitem><simpara>@via{[integer]}.params[&quot;string&quot;]</simpara>
	</listitem>

	<listitem><simpara>@v{[integer]}</simpara>
	</listitem>

	<listitem><simpara>@v{[integer]}.name</simpara>
	</listitem>

	<listitem><simpara>@v{[integer]}.version</simpara>
	</listitem>

	<listitem><simpara>@v{[integer]}.transport</simpara>
	</listitem>

	<listitem><simpara>@v{[integer]}.host</simpara>
	</listitem>

	<listitem><simpara>@v{[integer]}.port</simpara>
	</listitem>

	<listitem><simpara>@v{[integer]}.comment</simpara>
	</listitem>

	<listitem><simpara>@v{[integer]}.branch</simpara>
	</listitem>

	<listitem><simpara>@v{[integer]}.received</simpara>
	</listitem>

	<listitem><simpara>@v{[integer]}.rport</simpara>
	</listitem>

	<listitem><simpara>@v{[integer]}.i</simpara>
	</listitem>

	<listitem><simpara>@v{[integer]}.alias</simpara>
	</listitem>

	<listitem><simpara>@v{[integer]}.params[&quot;string&quot;]</simpara>
	</listitem>

	<listitem><simpara>@event</simpara>
	</listitem>

	<listitem><simpara>@record_route</simpara>
	</listitem>

	<listitem><simpara>@record_route.uri</simpara>
	</listitem>

	<listitem><simpara>@record_route.uri.type</simpara>
	</listitem>

	<listitem><simpara>@record_route.uri.user</simpara>
	</listitem>

	<listitem><simpara>@record_route.uri.rn_user</simpara>
	</listitem>

	<listitem><simpara>@record_route.uri.pwd</simpara>
	</listitem>

	<listitem><simpara>@record_route.uri.host</simpara>
	</listitem>

	<listitem><simpara>@record_route.uri.port</simpara>
	</listitem>

	<listitem><simpara>@record_route.uri.params{[&quot;string&quot;]}</simpara>
	</listitem>

	<listitem><simpara>@record_route.uri.hostport</simpara>
	</listitem>

	<listitem><simpara>@record_route.uri.transport</simpara>
	</listitem>

	<listitem><simpara>@record_route.name</simpara>
	</listitem>

	<listitem><simpara>@record_route.params[&quot;string&quot;]</simpara>
	</listitem>

	<listitem><simpara>@rr</simpara>
	</listitem>

	<listitem><simpara>@rr.uri</simpara>
	</listitem>

	<listitem><simpara>@rr.uri.type</simpara>
	</listitem>

	<listitem><simpara>@rr.uri.user</simpara>
	</listitem>

	<listitem><simpara>@rr.uri.rn_user</simpara>
	</listitem>

	<listitem><simpara>@rr.uri.pwd</simpara>
	</listitem>

	<listitem><simpara>@rr.uri.host</simpara>
	</listitem>

	<listitem><simpara>@rr.uri.port</simpara>
	</listitem>

	<listitem><simpara>@rr.uri.params{[&quot;string&quot;]}</simpara>
	</listitem>

	<listitem><simpara>@rr.uri.hostport</simpara>
	</listitem>

	<listitem><simpara>@rr.uri.transport</simpara>
	</listitem>

	<listitem><simpara>@rr.name</simpara>
	</listitem>

	<listitem><simpara>@rr.params[&quot;string&quot;]</simpara>
	</listitem>

	<listitem><simpara>@cseq</simpara>
	</listitem>

	<listitem><simpara>@cseq.num</simpara>
	</listitem>

	<listitem><simpara>@cseq.method</simpara>
	</listitem>

	<listitem><simpara>@msg</simpara>
	</listitem>

	<listitem><simpara>@msg.first_line</simpara>
	</listitem>

	<listitem><simpara>@msg.flags</simpara>
	</listitem>

	<listitem><simpara>@msg.len</simpara>
	</listitem>

	<listitem><simpara>@msg.id</simpara>
	</listitem>

	<listitem><simpara>@msg.id.hex</simpara>
	</listitem>

	<listitem><simpara>@msg.type</simpara>
	</listitem>

	<listitem><simpara>@msg.header</simpara>
	</listitem>

	<listitem><simpara>@msg.header.&lt;string&gt;{[integer]}</simpara>
	</listitem>

	<listitem><simpara>@msg.header.&lt;string&gt;{[integer]}.nameaddr.name</simpara>
	</listitem>

	<listitem><simpara>@msg.header.&lt;string&gt;{[integer]}.nameaddr.uri</simpara>
	</listitem>

	<listitem><simpara>@msg.header.&lt;string&gt;{[integer]}.nameaddr.uri.type</simpara>
	</listitem>

	<listitem><simpara>@msg.header.&lt;string&gt;{[integer]}.nameaddr.uri.user</simpara>
	</listitem>

	<listitem><simpara>@msg.header.&lt;string&gt;{[integer]}.nameaddr.uri.rn_user</simpara>
	</listitem>

	<listitem><simpara>@msg.header.&lt;string&gt;{[integer]}.nameaddr.uri.pwd</simpara>
	</listitem>

	<listitem><simpara>@msg.header.&lt;string&gt;{[integer]}.nameaddr.uri.host</simpara>
	</listitem>

	<listitem><simpara>@msg.header.&lt;string&gt;{[integer]}.nameaddr.uri.port</simpara>
	</listitem>

	<listitem><simpara>@msg.header.&lt;string&gt;{[integer]}.nameaddr.uri.params{[&quot;string&quot;]}</simpara>
	</listitem>

	<listitem><simpara>@msg.header.&lt;string&gt;{[integer]}.nameaddr.uri.hostport</simpara>
	</listitem>

	<listitem><simpara>@msg.header.&lt;string&gt;{[integer]}.nameaddr.uri.transport</simpara>
	</listitem>

	<listitem><simpara>@msg.header.&lt;string&gt;{[integer]}.nameaddr.params{[&quot;string&quot;]}</simpara>
	</listitem>

	<listitem><simpara>@msg.header.&lt;string&gt;{[integer]}.params[&quot;string&quot;]</simpara>
	</listitem>

	<listitem><simpara>@msg.h</simpara>
	</listitem>

	<listitem><simpara>@msg.h.&lt;string&gt;{[integer]}</simpara>
	</listitem>

	<listitem><simpara>@msg.h.&lt;string&gt;{[integer]}.nameaddr.name</simpara>
	</listitem>

	<listitem><simpara>@msg.h.&lt;string&gt;{[integer]}.nameaddr.uri</simpara>
	</listitem>

	<listitem><simpara>@msg.h.&lt;string&gt;{[integer]}.nameaddr.uri.type</simpara>
	</listitem>

	<listitem><simpara>@msg.h.&lt;string&gt;{[integer]}.nameaddr.uri.user</simpara>
	</listitem>

	<listitem><simpara>@msg.h.&lt;string&gt;{[integer]}.nameaddr.uri.rn_user</simpara>
	</listitem>

	<listitem><simpara>@msg.h.&lt;string&gt;{[integer]}.nameaddr.uri.pwd</simpara>
	</listitem>

	<listitem><simpara>@msg.h.&lt;string&gt;{[integer]}.nameaddr.uri.host</simpara>
	</listitem>

	<listitem><simpara>@msg.h.&lt;string&gt;{[integer]}.nameaddr.uri.port</simpara>
	</listitem>

	<listitem><simpara>@msg.h.&lt;string&gt;{[integer]}.nameaddr.uri.params{[&quot;string&quot;]}</simpara>
	</listitem>

	<listitem><simpara>@msg.h.&lt;string&gt;{[integer]}.nameaddr.uri.hostport</simpara>
	</listitem>

	<listitem><simpara>@msg.h.&lt;string&gt;{[integer]}.nameaddr.uri.transport</simpara>
	</listitem>

	<listitem><simpara>@msg.h.&lt;string&gt;{[integer]}.nameaddr.params{[&quot;string&quot;]}</simpara>
	</listitem>

	<listitem><simpara>@msg.h.&lt;string&gt;{[integer]}.params[&quot;string&quot;]</simpara>
	</listitem>

	<listitem><simpara>@msg.body</simpara>
	</listitem>

	<listitem><simpara>@msg.body.sdp</simpara>
	</listitem>

	<listitem><simpara>@msg.body.sdp.line[&quot;string&quot;]</simpara>
	</listitem>

	<listitem><simpara>@msg.content</simpara>
	</listitem>

	<listitem><simpara>@msg.content.sdp</simpara>
	</listitem>

	<listitem><simpara>@msg.content.sdp.line[&quot;string&quot;]</simpara>
	</listitem>

	<listitem><simpara>@msg.request</simpara>
	</listitem>

	<listitem><simpara>@msg.request.method</simpara>
	</listitem>

	<listitem><simpara>@msg.request.uri</simpara>
	</listitem>

	<listitem><simpara>@msg.request.uri.type</simpara>
	</listitem>

	<listitem><simpara>@msg.request.uri.user</simpara>
	</listitem>

	<listitem><simpara>@msg.request.uri.rn_user</simpara>
	</listitem>

	<listitem><simpara>@msg.request.uri.pwd</simpara>
	</listitem>

	<listitem><simpara>@msg.request.uri.host</simpara>
	</listitem>

	<listitem><simpara>@msg.request.uri.port</simpara>
	</listitem>

	<listitem><simpara>@msg.request.uri.params{[&quot;string&quot;]}</simpara>
	</listitem>

	<listitem><simpara>@msg.request.uri.hostport</simpara>
	</listitem>

	<listitem><simpara>@msg.request.uri.transport</simpara>
	</listitem>

	<listitem><simpara>@msg.request.version</simpara>
	</listitem>

	<listitem><simpara>@msg.req</simpara>
	</listitem>

	<listitem><simpara>@msg.req.method</simpara>
	</listitem>

	<listitem><simpara>@msg.req.uri</simpara>
	</listitem>

	<listitem><simpara>@msg.req.uri.type</simpara>
	</listitem>

	<listitem><simpara>@msg.req.uri.user</simpara>
	</listitem>

	<listitem><simpara>@msg.req.uri.rn_user</simpara>
	</listitem>

	<listitem><simpara>@msg.req.uri.pwd</simpara>
	</listitem>

	<listitem><simpara>@msg.req.uri.host</simpara>
	</listitem>

	<listitem><simpara>@msg.req.uri.port</simpara>
	</listitem>

	<listitem><simpara>@msg.req.uri.params{[&quot;string&quot;]}</simpara>
	</listitem>

	<listitem><simpara>@msg.req.uri.hostport</simpara>
	</listitem>

	<listitem><simpara>@msg.req.uri.transport</simpara>
	</listitem>

	<listitem><simpara>@msg.req.version</simpara>
	</listitem>

	<listitem><simpara>@msg.response</simpara>
	</listitem>

	<listitem><simpara>@msg.response.version</simpara>
	</listitem>

	<listitem><simpara>@msg.response.status</simpara>
	</listitem>

	<listitem><simpara>@msg.response.code</simpara>
	</listitem>

	<listitem><simpara>@msg.response.reason</simpara>
	</listitem>

	<listitem><simpara>@msg.res</simpara>
	</listitem>

	<listitem><simpara>@msg.res.version</simpara>
	</listitem>

	<listitem><simpara>@msg.res.status</simpara>
	</listitem>

	<listitem><simpara>@msg.res.code</simpara>
	</listitem>

	<listitem><simpara>@msg.res.reason</simpara>
	</listitem>

	<listitem><simpara>@message</simpara>
	</listitem>

	<listitem><simpara>@message.first_line</simpara>
	</listitem>

	<listitem><simpara>@message.flags</simpara>
	</listitem>

	<listitem><simpara>@message.len</simpara>
	</listitem>

	<listitem><simpara>@message.id</simpara>
	</listitem>

	<listitem><simpara>@message.id.hex</simpara>
	</listitem>

	<listitem><simpara>@message.type</simpara>
	</listitem>

	<listitem><simpara>@message.header</simpara>
	</listitem>

	<listitem><simpara>@message.header.&lt;string&gt;{[integer]}</simpara>
	</listitem>

	<listitem><simpara>@message.header.&lt;string&gt;{[integer]}.nameaddr.name</simpara>
	</listitem>

	<listitem><simpara>@message.header.&lt;string&gt;{[integer]}.nameaddr.uri</simpara>
	</listitem>

	<listitem><simpara>@message.header.&lt;string&gt;{[integer]}.nameaddr.uri.type</simpara>
	</listitem>

	<listitem><simpara>@message.header.&lt;string&gt;{[integer]}.nameaddr.uri.user</simpara>
	</listitem>

	<listitem><simpara>@message.header.&lt;string&gt;{[integer]}.nameaddr.uri.rn_user</simpara>
	</listitem>

	<listitem><simpara>@message.header.&lt;string&gt;{[integer]}.nameaddr.uri.pwd</simpara>
	</listitem>

	<listitem><simpara>@message.header.&lt;string&gt;{[integer]}.nameaddr.uri.host</simpara>
	</listitem>

	<listitem><simpara>@message.header.&lt;string&gt;{[integer]}.nameaddr.uri.port</simpara>
	</listitem>

	<listitem><simpara>@message.header.&lt;string&gt;{[integer]}.nameaddr.uri.params{[&quot;string&quot;]}</simpara>
	</listitem>

	<listitem><simpara>@message.header.&lt;string&gt;{[integer]}.nameaddr.uri.hostport</simpara>
	</listitem>

	<listitem><simpara>@message.header.&lt;string&gt;{[integer]}.nameaddr.uri.transport</simpara>
	</listitem>

	<listitem><simpara>@message.header.&lt;string&gt;{[integer]}.nameaddr.params{[&quot;string&quot;]}</simpara>
	</listitem>

	<listitem><simpara>@message.header.&lt;string&gt;{[integer]}.params[&quot;string&quot;]</simpara>
	</listitem>

	<listitem><simpara>@message.h</simpara>
	</listitem>

	<listitem><simpara>@message.h.&lt;string&gt;{[integer]}</simpara>
	</listitem>

	<listitem><simpara>@message.h.&lt;string&gt;{[integer]}.nameaddr.name</simpara>
	</listitem>

	<listitem><simpara>@message.h.&lt;string&gt;{[integer]}.nameaddr.uri</simpara>
	</listitem>

	<listitem><simpara>@message.h.&lt;string&gt;{[integer]}.nameaddr.uri.type</simpara>
	</listitem>

	<listitem><simpara>@message.h.&lt;string&gt;{[integer]}.nameaddr.uri.user</simpara>
	</listitem>

	<listitem><simpara>@message.h.&lt;string&gt;{[integer]}.nameaddr.uri.rn_user</simpara>
	</listitem>

	<listitem><simpara>@message.h.&lt;string&gt;{[integer]}.nameaddr.uri.pwd</simpara>
	</listitem>

	<listitem><simpara>@message.h.&lt;string&gt;{[integer]}.nameaddr.uri.host</simpara>
	</listitem>

	<listitem><simpara>@message.h.&lt;string&gt;{[integer]}.nameaddr.uri.port</simpara>
	</listitem>

	<listitem><simpara>@message.h.&lt;string&gt;{[integer]}.nameaddr.uri.params{[&quot;string&quot;]}</simpara>
	</listitem>

	<listitem><simpara>@message.h.&lt;string&gt;{[integer]}.nameaddr.uri.hostport</simpara>
	</listitem>

	<listitem><simpara>@message.h.&lt;string&gt;{[integer]}.nameaddr.uri.transport</simpara>
	</listitem>

	<listitem><simpara>@message.h.&lt;string&gt;{[integer]}.nameaddr.params{[&quot;string&quot;]}</simpara>
	</listitem>

	<listitem><simpara>@message.h.&lt;string&gt;{[integer]}.params[&quot;string&quot;]</simpara>
	</listitem>

	<listitem><simpara>@message.body</simpara>
	</listitem>

	<listitem><simpara>@message.body.sdp</simpara>
	</listitem>

	<listitem><simpara>@message.body.sdp.line[&quot;string&quot;]</simpara>
	</listitem>

	<listitem><simpara>@message.content</simpara>
	</listitem>

	<listitem><simpara>@message.content.sdp</simpara>
	</listitem>

	<listitem><simpara>@message.content.sdp.line[&quot;string&quot;]</simpara>
	</listitem>

	<listitem><simpara>@message.request</simpara>
	</listitem>

	<listitem><simpara>@message.request.method</simpara>
	</listitem>

	<listitem><simpara>@message.request.uri</simpara>
	</listitem>

	<listitem><simpara>@message.request.uri.type</simpara>
	</listitem>

	<listitem><simpara>@message.request.uri.user</simpara>
	</listitem>

	<listitem><simpara>@message.request.uri.rn_user</simpara>
	</listitem>

	<listitem><simpara>@message.request.uri.pwd</simpara>
	</listitem>

	<listitem><simpara>@message.request.uri.host</simpara>
	</listitem>

	<listitem><simpara>@message.request.uri.port</simpara>
	</listitem>

	<listitem><simpara>@message.request.uri.params{[&quot;string&quot;]}</simpara>
	</listitem>

	<listitem><simpara>@message.request.uri.hostport</simpara>
	</listitem>

	<listitem><simpara>@message.request.uri.transport</simpara>
	</listitem>

	<listitem><simpara>@message.request.version</simpara>
	</listitem>

	<listitem><simpara>@message.req</simpara>
	</listitem>

	<listitem><simpara>@message.req.method</simpara>
	</listitem>

	<listitem><simpara>@message.req.uri</simpara>
	</listitem>

	<listitem><simpara>@message.req.uri.type</simpara>
	</listitem>

	<listitem><simpara>@message.req.uri.user</simpara>
	</listitem>

	<listitem><simpara>@message.req.uri.rn_user</simpara>
	</listitem>

	<listitem><simpara>@message.req.uri.pwd</simpara>
	</listitem>

	<listitem><simpara>@message.req.uri.host</simpara>
	</listitem>

	<listitem><simpara>@message.req.uri.port</simpara>
	</listitem>

	<listitem><simpara>@message.req.uri.params{[&quot;string&quot;]}</simpara>
	</listitem>

	<listitem><simpara>@message.req.uri.hostport</simpara>
	</listitem>

	<listitem><simpara>@message.req.uri.transport</simpara>
	</listitem>

	<listitem><simpara>@message.req.version</simpara>
	</listitem>

	<listitem><simpara>@message.response</simpara>
	</listitem>

	<listitem><simpara>@message.response.version</simpara>
	</listitem>

	<listitem><simpara>@message.response.status</simpara>
	</listitem>

	<listitem><simpara>@message.response.code</simpara>
	</listitem>

	<listitem><simpara>@message.response.reason</simpara>
	</listitem>

	<listitem><simpara>@message.res</simpara>
	</listitem>

	<listitem><simpara>@message.res.version</simpara>
	</listitem>

	<listitem><simpara>@message.res.status</simpara>
	</listitem>

	<listitem><simpara>@message.res.code</simpara>
	</listitem>

	<listitem><simpara>@message.res.reason</simpara>
	</listitem>

	<listitem><simpara>@method</simpara>
	</listitem>

	<listitem><simpara>@version</simpara>
	</listitem>

	<listitem><simpara>@status</simpara>
	</listitem>

	<listitem><simpara>@code</simpara>
	</listitem>

	<listitem><simpara>@reason</simpara>
	</listitem>

	<listitem><simpara>@proxy_authorization[&quot;string&quot;]</simpara>
	</listitem>

	<listitem><simpara>@proxy_authorization[&quot;string&quot;].username</simpara>
	</listitem>

	<listitem><simpara>@proxy_authorization[&quot;string&quot;].username.user</simpara>
	</listitem>

	<listitem><simpara>@proxy_authorization[&quot;string&quot;].username.domain</simpara>
	</listitem>

	<listitem><simpara>@proxy_authorization[&quot;string&quot;].realm</simpara>
	</listitem>

	<listitem><simpara>@proxy_authorization[&quot;string&quot;].nonce</simpara>
	</listitem>

	<listitem><simpara>@proxy_authorization[&quot;string&quot;].uri</simpara>
	</listitem>

	<listitem><simpara>@proxy_authorization[&quot;string&quot;].cnonce</simpara>
	</listitem>

	<listitem><simpara>@proxy_authorization[&quot;string&quot;].nc</simpara>
	</listitem>

	<listitem><simpara>@proxy_authorization[&quot;string&quot;].response</simpara>
	</listitem>

	<listitem><simpara>@proxy_authorization[&quot;string&quot;].opaque</simpara>
	</listitem>

	<listitem><simpara>@proxy_authorization[&quot;string&quot;].algorithm</simpara>
	</listitem>

	<listitem><simpara>@proxy_authorization[&quot;string&quot;].qop</simpara>
	</listitem>

	<listitem><simpara>@authorization[&quot;string&quot;]</simpara>
	</listitem>

	<listitem><simpara>@authorization[&quot;string&quot;].username</simpara>
	</listitem>

	<listitem><simpara>@authorization[&quot;string&quot;].username.user</simpara>
	</listitem>

	<listitem><simpara>@authorization[&quot;string&quot;].username.domain</simpara>
	</listitem>

	<listitem><simpara>@authorization[&quot;string&quot;].realm</simpara>
	</listitem>

	<listitem><simpara>@authorization[&quot;string&quot;].nonce</simpara>
	</listitem>

	<listitem><simpara>@authorization[&quot;string&quot;].uri</simpara>
	</listitem>

	<listitem><simpara>@authorization[&quot;string&quot;].cnonce</simpara>
	</listitem>

	<listitem><simpara>@authorization[&quot;string&quot;].nc</simpara>
	</listitem>

	<listitem><simpara>@authorization[&quot;string&quot;].response</simpara>
	</listitem>

	<listitem><simpara>@authorization[&quot;string&quot;].opaque</simpara>
	</listitem>

	<listitem><simpara>@authorization[&quot;string&quot;].algorithm</simpara>
	</listitem>

	<listitem><simpara>@authorization[&quot;string&quot;].qop</simpara>
	</listitem>

	<listitem><simpara>@src.ip</simpara>
	</listitem>

	<listitem><simpara>@src.port</simpara>
	</listitem>

	<listitem><simpara>@src.ip_port</simpara>
	</listitem>

	<listitem><simpara>@dst.ip</simpara>
	</listitem>

	<listitem><simpara>@dst.port</simpara>
	</listitem>

	<listitem><simpara>@dst.ip_port</simpara>
	</listitem>

	<listitem><simpara>@received.proto</simpara>
	</listitem>

	<listitem><simpara>@received.ip</simpara>
	</listitem>

	<listitem><simpara>@received.port</simpara>
	</listitem>

	<listitem><simpara>@received.ip_port</simpara>
	</listitem>

	<listitem><simpara>@received.proto_ip_port</simpara>
	</listitem>

	<listitem><simpara>@call_id</simpara>
	</listitem>

	<listitem><simpara>@expires</simpara>
	</listitem>

	<listitem><simpara>@max_forwards</simpara>
	</listitem>

	<listitem><simpara>@content_type</simpara>
	</listitem>

	<listitem><simpara>@content_length</simpara>
	</listitem>

	<listitem><simpara>@subject</simpara>
	</listitem>

	<listitem><simpara>@organization</simpara>
	</listitem>

	<listitem><simpara>@priority</simpara>
	</listitem>

	<listitem><simpara>@session_expires</simpara>
	</listitem>

	<listitem><simpara>@min_se</simpara>
	</listitem>

	<listitem><simpara>@user_agent</simpara>
	</listitem>

	<listitem><simpara>@sip_if_match</simpara>
	</listitem>

	<listitem><simpara>@sys.pid</simpara>
	</listitem>

	<listitem><simpara>@sys.unique</simpara>
	</listitem>

	<listitem><simpara>@sys.now</simpara>
	</listitem>

	<listitem><simpara>@sys.now.local{[&quot;string&quot;]}</simpara>
	</listitem>

	<listitem><simpara>@sys.now.gmt{[&quot;string&quot;]}</simpara>
	</listitem>

	<listitem><simpara>@sys.now.utc{[&quot;string&quot;]}</simpara>
	</listitem>

	<listitem><simpara>@sys.server_id</simpara>
	</listitem>

	<listitem><simpara>@branch.count</simpara>
	</listitem>

	<listitem><simpara>@branch.uri{[integer]}</simpara>
	</listitem>

	<listitem><simpara>@branch.uri{[integer]}.type</simpara>
	</listitem>

	<listitem><simpara>@branch.uri{[integer]}.user</simpara>
	</listitem>

	<listitem><simpara>@branch.uri{[integer]}.rn_user</simpara>
	</listitem>

	<listitem><simpara>@branch.uri{[integer]}.pwd</simpara>
	</listitem>

	<listitem><simpara>@branch.uri{[integer]}.host</simpara>
	</listitem>

	<listitem><simpara>@branch.uri{[integer]}.port</simpara>
	</listitem>

	<listitem><simpara>@branch.uri{[integer]}.params{[&quot;string&quot;]}</simpara>
	</listitem>

	<listitem><simpara>@branch.uri{[integer]}.hostport</simpara>
	</listitem>

	<listitem><simpara>@branch.uri{[integer]}.transport</simpara>
	</listitem>

	<listitem><simpara>@branch.dst_uri{[integer]}</simpara>
	</listitem>

	<listitem><simpara>@branch.dst_uri{[integer]}.type</simpara>
	</listitem>

	<listitem><simpara>@branch.dst_uri{[integer]}.user</simpara>
	</listitem>

	<listitem><simpara>@branch.dst_uri{[integer]}.rn_user</simpara>
	</listitem>

	<listitem><simpara>@branch.dst_uri{[integer]}.pwd</simpara>
	</listitem>

	<listitem><simpara>@branch.dst_uri{[integer]}.host</simpara>
	</listitem>

	<listitem><simpara>@branch.dst_uri{[integer]}.port</simpara>
	</listitem>

	<listitem><simpara>@branch.dst_uri{[integer]}.params{[&quot;string&quot;]}</simpara>
	</listitem>

	<listitem><simpara>@branch.dst_uri{[integer]}.hostport</simpara>
	</listitem>

	<listitem><simpara>@branch.dst_uri{[integer]}.transport</simpara>
	</listitem>

	<listitem><simpara>@branch.uriq{[integer]}</simpara>
	</listitem>

	<listitem><simpara>@branch.uriq{[integer]}.name</simpara>
	</listitem>

	<listitem><simpara>@branch.uriq{[integer]}.uri</simpara>
	</listitem>

	<listitem><simpara>@branch.uriq{[integer]}.uri.type</simpara>
	</listitem>

	<listitem><simpara>@branch.uriq{[integer]}.uri.user</simpara>
	</listitem>

	<listitem><simpara>@branch.uriq{[integer]}.uri.rn_user</simpara>
	</listitem>

	<listitem><simpara>@branch.uriq{[integer]}.uri.pwd</simpara>
	</listitem>

	<listitem><simpara>@branch.uriq{[integer]}.uri.host</simpara>
	</listitem>

	<listitem><simpara>@branch.uriq{[integer]}.uri.port</simpara>
	</listitem>

	<listitem><simpara>@branch.uriq{[integer]}.uri.params{[&quot;string&quot;]}</simpara>
	</listitem>

	<listitem><simpara>@branch.uriq{[integer]}.uri.hostport</simpara>
	</listitem>

	<listitem><simpara>@branch.uriq{[integer]}.uri.transport</simpara>
	</listitem>

	<listitem><simpara>@branch.uriq{[integer]}.params{[&quot;string&quot;]}</simpara>
	</listitem>

	<listitem><simpara>@branch.q{[integer]}</simpara>
	</listitem>

	<listitem><simpara>@date</simpara>
	</listitem>

	<listitem><simpara>@identity</simpara>
	</listitem>

	<listitem><simpara>@identity_info</simpara>
	</listitem>

	<listitem><simpara>@cfg_get[&quot;string&quot;].&lt;string&gt;</simpara>
	</listitem>

	<listitem><simpara>@cfg_get[&quot;string&quot;].&lt;string&gt;.nameaddr.name</simpara>
	</listitem>

	<listitem><simpara>@cfg_get[&quot;string&quot;].&lt;string&gt;.nameaddr.uri</simpara>
	</listitem>

	<listitem><simpara>@cfg_get[&quot;string&quot;].&lt;string&gt;.nameaddr.uri.type</simpara>
	</listitem>

	<listitem><simpara>@cfg_get[&quot;string&quot;].&lt;string&gt;.nameaddr.uri.user</simpara>
	</listitem>

	<listitem><simpara>@cfg_get[&quot;string&quot;].&lt;string&gt;.nameaddr.uri.rn_user</simpara>
	</listitem>

	<listitem><simpara>@cfg_get[&quot;string&quot;].&lt;string&gt;.nameaddr.uri.pwd</simpara>
	</listitem>

	<listitem><simpara>@cfg_get[&quot;string&quot;].&lt;string&gt;.nameaddr.uri.host</simpara>
	</listitem>

	<listitem><simpara>@cfg_get[&quot;string&quot;].&lt;string&gt;.nameaddr.uri.port</simpara>
	</listitem>

	<listitem><simpara>@cfg_get[&quot;string&quot;].&lt;string&gt;.nameaddr.uri.params{[&quot;string&quot;]}</simpara>
	</listitem>

	<listitem><simpara>@cfg_get[&quot;string&quot;].&lt;string&gt;.nameaddr.uri.hostport</simpara>
	</listitem>

	<listitem><simpara>@cfg_get[&quot;string&quot;].&lt;string&gt;.nameaddr.uri.transport</simpara>
	</listitem>

	<listitem><simpara>@cfg_get[&quot;string&quot;].&lt;string&gt;.nameaddr.params{[&quot;string&quot;]}</simpara>
	</listitem>

	<listitem><simpara>@cfg_get[&quot;string&quot;].&lt;string&gt;.uri.type</simpara>
	</listitem>

	<listitem><simpara>@cfg_get[&quot;string&quot;].&lt;string&gt;.uri.user</simpara>
	</listitem>

	<listitem><simpara>@cfg_get[&quot;string&quot;].&lt;string&gt;.uri.rn_user</simpara>
	</listitem>

	<listitem><simpara>@cfg_get[&quot;string&quot;].&lt;string&gt;.uri.pwd</simpara>
	</listitem>

	<listitem><simpara>@cfg_get[&quot;string&quot;].&lt;string&gt;.uri.host</simpara>
	</listitem>

	<listitem><simpara>@cfg_get[&quot;string&quot;].&lt;string&gt;.uri.port</simpara>
	</listitem>

	<listitem><simpara>@cfg_get[&quot;string&quot;].&lt;string&gt;.uri.params{[&quot;string&quot;]}</simpara>
	</listitem>

	<listitem><simpara>@cfg_get[&quot;string&quot;].&lt;string&gt;.uri.hostport</simpara>
	</listitem>

	<listitem><simpara>@cfg_get[&quot;string&quot;].&lt;string&gt;.uri.transport</simpara>
	</listitem>

	<listitem><simpara>@cfg_get[&quot;string&quot;].&lt;string&gt;.params[&quot;string&quot;]</simpara>
	</listitem>

	<listitem><simpara>@cfg_selected[&quot;string&quot;]</simpara>
	</listitem>

	</orderedlist>
</chapter>
