<?xml version="1.0" encoding="UTF-8"?>
<!-- this file is autogenerated, do not edit! -->
<!DOCTYPE section PUBLIC "-//OASIS//DTD DocBook XML V4.2//EN"
	"http://www.oasis-open.org/docbook/xml/4.2/docbookx.dtd">
<chapter id="select_list.db2_ops">
	<title>Selects for db2_ops</title>
	<orderedlist>


	<listitem><simpara>@db.query[&quot;string&quot;]</simpara>
	</listitem>

	<listitem><simpara>@db.query[&quot;string&quot;].is_empty</simpara>
	</listitem>

	<listitem><simpara>@db.query[&quot;string&quot;].count</simpara>
	</listitem>

	<listitem><simpara>@db.query[&quot;string&quot;].nameaddr.name</simpara>
	</listitem>

	<listitem><simpara>@db.query[&quot;string&quot;].nameaddr.uri</simpara>
	</listitem>

	<listitem><simpara>@db.query[&quot;string&quot;].nameaddr.uri.type</simpara>
	</listitem>

	<listitem><simpara>@db.query[&quot;string&quot;].nameaddr.uri.user</simpara>
	</listitem>

	<listitem><simpara>@db.query[&quot;string&quot;].nameaddr.uri.rn_user</simpara>
	</listitem>

	<listitem><simpara>@db.query[&quot;string&quot;].nameaddr.uri.pwd</simpara>
	</listitem>

	<listitem><simpara>@db.query[&quot;string&quot;].nameaddr.uri.host</simpara>
	</listitem>

	<listitem><simpara>@db.query[&quot;string&quot;].nameaddr.uri.port</simpara>
	</listitem>

	<listitem><simpara>@db.query[&quot;string&quot;].nameaddr.uri.params{[&quot;string&quot;]}</simpara>
	</listitem>

	<listitem><simpara>@db.query[&quot;string&quot;].nameaddr.uri.hostport</simpara>
	</listitem>

	<listitem><simpara>@db.query[&quot;string&quot;].nameaddr.uri.transport</simpara>
	</listitem>

	<listitem><simpara>@db.query[&quot;string&quot;].nameaddr.params{[&quot;string&quot;]}</simpara>
	</listitem>

	<listitem><simpara>@db.query[&quot;string&quot;].uri.type</simpara>
	</listitem>

	<listitem><simpara>@db.query[&quot;string&quot;].uri.user</simpara>
	</listitem>

	<listitem><simpara>@db.query[&quot;string&quot;].uri.rn_user</simpara>
	</listitem>

	<listitem><simpara>@db.query[&quot;string&quot;].uri.pwd</simpara>
	</listitem>

	<listitem><simpara>@db.query[&quot;string&quot;].uri.host</simpara>
	</listitem>

	<listitem><simpara>@db.query[&quot;string&quot;].uri.port</simpara>
	</listitem>

	<listitem><simpara>@db.query[&quot;string&quot;].uri.params{[&quot;string&quot;]}</simpara>
	</listitem>

	<listitem><simpara>@db.query[&quot;string&quot;].uri.hostport</simpara>
	</listitem>

	<listitem><simpara>@db.query[&quot;string&quot;].uri.transport</simpara>
	</listitem>

	<listitem><simpara>@db.query[&quot;string&quot;].field[integer]</simpara>
	</listitem>

	<listitem><simpara>@db.query[&quot;string&quot;].field[integer].nameaddr.name</simpara>
	</listitem>

	<listitem><simpara>@db.query[&quot;string&quot;].field[integer].nameaddr.uri</simpara>
	</listitem>

	<listitem><simpara>@db.query[&quot;string&quot;].field[integer].nameaddr.uri.type</simpara>
	</listitem>

	<listitem><simpara>@db.query[&quot;string&quot;].field[integer].nameaddr.uri.user</simpara>
	</listitem>

	<listitem><simpara>@db.query[&quot;string&quot;].field[integer].nameaddr.uri.rn_user</simpara>
	</listitem>

	<listitem><simpara>@db.query[&quot;string&quot;].field[integer].nameaddr.uri.pwd</simpara>
	</listitem>

	<listitem><simpara>@db.query[&quot;string&quot;].field[integer].nameaddr.uri.host</simpara>
	</listitem>

	<listitem><simpara>@db.query[&quot;string&quot;].field[integer].nameaddr.uri.port</simpara>
	</listitem>

	<listitem><simpara>@db.query[&quot;string&quot;].field[integer].nameaddr.uri.params{[&quot;string&quot;]}</simpara>
	</listitem>

	<listitem><simpara>@db.query[&quot;string&quot;].field[integer].nameaddr.uri.hostport</simpara>
	</listitem>

	<listitem><simpara>@db.query[&quot;string&quot;].field[integer].nameaddr.uri.transport</simpara>
	</listitem>

	<listitem><simpara>@db.query[&quot;string&quot;].field[integer].nameaddr.params{[&quot;string&quot;]}</simpara>
	</listitem>

	<listitem><simpara>@db.query[&quot;string&quot;].field[integer].uri.type</simpara>
	</listitem>

	<listitem><simpara>@db.query[&quot;string&quot;].field[integer].uri.user</simpara>
	</listitem>

	<listitem><simpara>@db.query[&quot;string&quot;].field[integer].uri.rn_user</simpara>
	</listitem>

	<listitem><simpara>@db.query[&quot;string&quot;].field[integer].uri.pwd</simpara>
	</listitem>

	<listitem><simpara>@db.query[&quot;string&quot;].field[integer].uri.host</simpara>
	</listitem>

	<listitem><simpara>@db.query[&quot;string&quot;].field[integer].uri.port</simpara>
	</listitem>

	<listitem><simpara>@db.query[&quot;string&quot;].field[integer].uri.params{[&quot;string&quot;]}</simpara>
	</listitem>

	<listitem><simpara>@db.query[&quot;string&quot;].field[integer].uri.hostport</simpara>
	</listitem>

	<listitem><simpara>@db.query[&quot;string&quot;].field[integer].uri.transport</simpara>
	</listitem>

	<listitem><simpara>@db.query[&quot;string&quot;].row[integer]</simpara>
	</listitem>

	<listitem><simpara>@db.query[&quot;string&quot;].row[integer].field[integer]</simpara>
	</listitem>

	<listitem><simpara>@db.query[&quot;string&quot;].row[integer].field[integer].nameaddr.name</simpara>
	</listitem>

	<listitem><simpara>@db.query[&quot;string&quot;].row[integer].field[integer].nameaddr.uri</simpara>
	</listitem>

	<listitem><simpara>@db.query[&quot;string&quot;].row[integer].field[integer].nameaddr.uri.type</simpara>
	</listitem>

	<listitem><simpara>@db.query[&quot;string&quot;].row[integer].field[integer].nameaddr.uri.user</simpara>
	</listitem>

	<listitem><simpara>@db.query[&quot;string&quot;].row[integer].field[integer].nameaddr.uri.rn_user</simpara>
	</listitem>

	<listitem><simpara>@db.query[&quot;string&quot;].row[integer].field[integer].nameaddr.uri.pwd</simpara>
	</listitem>

	<listitem><simpara>@db.query[&quot;string&quot;].row[integer].field[integer].nameaddr.uri.host</simpara>
	</listitem>

	<listitem><simpara>@db.query[&quot;string&quot;].row[integer].field[integer].nameaddr.uri.port</simpara>
	</listitem>

	<listitem><simpara>@db.query[&quot;string&quot;].row[integer].field[integer].nameaddr.uri.params{[&quot;string&quot;]}</simpara>
	</listitem>

	<listitem><simpara>@db.query[&quot;string&quot;].row[integer].field[integer].nameaddr.uri.hostport</simpara>
	</listitem>

	<listitem><simpara>@db.query[&quot;string&quot;].row[integer].field[integer].nameaddr.uri.transport</simpara>
	</listitem>

	<listitem><simpara>@db.query[&quot;string&quot;].row[integer].field[integer].nameaddr.params{[&quot;string&quot;]}</simpara>
	</listitem>

	<listitem><simpara>@db.query[&quot;string&quot;].row[integer].field[integer].uri.type</simpara>
	</listitem>

	<listitem><simpara>@db.query[&quot;string&quot;].row[integer].field[integer].uri.user</simpara>
	</listitem>

	<listitem><simpara>@db.query[&quot;string&quot;].row[integer].field[integer].uri.rn_user</simpara>
	</listitem>

	<listitem><simpara>@db.query[&quot;string&quot;].row[integer].field[integer].uri.pwd</simpara>
	</listitem>

	<listitem><simpara>@db.query[&quot;string&quot;].row[integer].field[integer].uri.host</simpara>
	</listitem>

	<listitem><simpara>@db.query[&quot;string&quot;].row[integer].field[integer].uri.port</simpara>
	</listitem>

	<listitem><simpara>@db.query[&quot;string&quot;].row[integer].field[integer].uri.params{[&quot;string&quot;]}</simpara>
	</listitem>

	<listitem><simpara>@db.query[&quot;string&quot;].row[integer].field[integer].uri.hostport</simpara>
	</listitem>

	<listitem><simpara>@db.query[&quot;string&quot;].row[integer].field[integer].uri.transport</simpara>
	</listitem>

	<listitem><simpara>@db.fetch[&quot;string&quot;]</simpara>
	</listitem>

	<listitem><simpara>@db.fetch[&quot;string&quot;].nameaddr.name</simpara>
	</listitem>

	<listitem><simpara>@db.fetch[&quot;string&quot;].nameaddr.uri</simpara>
	</listitem>

	<listitem><simpara>@db.fetch[&quot;string&quot;].nameaddr.uri.type</simpara>
	</listitem>

	<listitem><simpara>@db.fetch[&quot;string&quot;].nameaddr.uri.user</simpara>
	</listitem>

	<listitem><simpara>@db.fetch[&quot;string&quot;].nameaddr.uri.rn_user</simpara>
	</listitem>

	<listitem><simpara>@db.fetch[&quot;string&quot;].nameaddr.uri.pwd</simpara>
	</listitem>

	<listitem><simpara>@db.fetch[&quot;string&quot;].nameaddr.uri.host</simpara>
	</listitem>

	<listitem><simpara>@db.fetch[&quot;string&quot;].nameaddr.uri.port</simpara>
	</listitem>

	<listitem><simpara>@db.fetch[&quot;string&quot;].nameaddr.uri.params{[&quot;string&quot;]}</simpara>
	</listitem>

	<listitem><simpara>@db.fetch[&quot;string&quot;].nameaddr.uri.hostport</simpara>
	</listitem>

	<listitem><simpara>@db.fetch[&quot;string&quot;].nameaddr.uri.transport</simpara>
	</listitem>

	<listitem><simpara>@db.fetch[&quot;string&quot;].nameaddr.params{[&quot;string&quot;]}</simpara>
	</listitem>

	<listitem><simpara>@db.fetch[&quot;string&quot;].uri.type</simpara>
	</listitem>

	<listitem><simpara>@db.fetch[&quot;string&quot;].uri.user</simpara>
	</listitem>

	<listitem><simpara>@db.fetch[&quot;string&quot;].uri.rn_user</simpara>
	</listitem>

	<listitem><simpara>@db.fetch[&quot;string&quot;].uri.pwd</simpara>
	</listitem>

	<listitem><simpara>@db.fetch[&quot;string&quot;].uri.host</simpara>
	</listitem>

	<listitem><simpara>@db.fetch[&quot;string&quot;].uri.port</simpara>
	</listitem>

	<listitem><simpara>@db.fetch[&quot;string&quot;].uri.params{[&quot;string&quot;]}</simpara>
	</listitem>

	<listitem><simpara>@db.fetch[&quot;string&quot;].uri.hostport</simpara>
	</listitem>

	<listitem><simpara>@db.fetch[&quot;string&quot;].uri.transport</simpara>
	</listitem>

	<listitem><simpara>@db.fetch[&quot;string&quot;].row_no</simpara>
	</listitem>

	<listitem><simpara>@db.fetch[&quot;string&quot;].count</simpara>
	</listitem>

	<listitem><simpara>@db.fetch[&quot;string&quot;].is_empty</simpara>
	</listitem>

	<listitem><simpara>@db.fetch[&quot;string&quot;].field[integer]</simpara>
	</listitem>

	<listitem><simpara>@db.fetch[&quot;string&quot;].field[integer].nameaddr.name</simpara>
	</listitem>

	<listitem><simpara>@db.fetch[&quot;string&quot;].field[integer].nameaddr.uri</simpara>
	</listitem>

	<listitem><simpara>@db.fetch[&quot;string&quot;].field[integer].nameaddr.uri.type</simpara>
	</listitem>

	<listitem><simpara>@db.fetch[&quot;string&quot;].field[integer].nameaddr.uri.user</simpara>
	</listitem>

	<listitem><simpara>@db.fetch[&quot;string&quot;].field[integer].nameaddr.uri.rn_user</simpara>
	</listitem>

	<listitem><simpara>@db.fetch[&quot;string&quot;].field[integer].nameaddr.uri.pwd</simpara>
	</listitem>

	<listitem><simpara>@db.fetch[&quot;string&quot;].field[integer].nameaddr.uri.host</simpara>
	</listitem>

	<listitem><simpara>@db.fetch[&quot;string&quot;].field[integer].nameaddr.uri.port</simpara>
	</listitem>

	<listitem><simpara>@db.fetch[&quot;string&quot;].field[integer].nameaddr.uri.params{[&quot;string&quot;]}</simpara>
	</listitem>

	<listitem><simpara>@db.fetch[&quot;string&quot;].field[integer].nameaddr.uri.hostport</simpara>
	</listitem>

	<listitem><simpara>@db.fetch[&quot;string&quot;].field[integer].nameaddr.uri.transport</simpara>
	</listitem>

	<listitem><simpara>@db.fetch[&quot;string&quot;].field[integer].nameaddr.params{[&quot;string&quot;]}</simpara>
	</listitem>

	<listitem><simpara>@db.fetch[&quot;string&quot;].field[integer].uri.type</simpara>
	</listitem>

	<listitem><simpara>@db.fetch[&quot;string&quot;].field[integer].uri.user</simpara>
	</listitem>

	<listitem><simpara>@db.fetch[&quot;string&quot;].field[integer].uri.rn_user</simpara>
	</listitem>

	<listitem><simpara>@db.fetch[&quot;string&quot;].field[integer].uri.pwd</simpara>
	</listitem>

	<listitem><simpara>@db.fetch[&quot;string&quot;].field[integer].uri.host</simpara>
	</listitem>

	<listitem><simpara>@db.fetch[&quot;string&quot;].field[integer].uri.port</simpara>
	</listitem>

	<listitem><simpara>@db.fetch[&quot;string&quot;].field[integer].uri.params{[&quot;string&quot;]}</simpara>
	</listitem>

	<listitem><simpara>@db.fetch[&quot;string&quot;].field[integer].uri.hostport</simpara>
	</listitem>

	<listitem><simpara>@db.fetch[&quot;string&quot;].field[integer].uri.transport</simpara>
	</listitem>

	</orderedlist>
</chapter>
