<?xml version="1.0" encoding="UTF-8"?>
<!-- this file is autogenerated, do not edit! -->
<!DOCTYPE section PUBLIC "-//OASIS//DTD DocBook XML V4.2//EN"
	"http://www.oasis-open.org/docbook/xml/4.2/docbookx.dtd">
<chapter id="rpc_exports.usrloc">
	<title>
RPC Exports for usrloc
	</title>


<section id="ul.dump"><title>ul.dump</title>
<para>
        Dump user location tables
</para>
<para>
</para>
</section>

<section id="ul.lookup"><title>ul.lookup</title>
<para>
        Lookup one AOR in the usrloc location table
</para>
<para>
</para>
</section>

<section id="ul.rm"><title>ul.rm</title>
<para>
        Delete an address of record including its contacts
</para>
<para>
</para>
</section>

<section id="ul.rm_contact"><title>ul.rm_contact</title>
<para>
        Delete a contact from an AOR record
</para>
<para>
</para>
</section>

<section id="ul.flush"><title>ul.flush</title>
<para>
        Flush the usrloc memory cache to DB
</para>
<para>
</para>
</section>

<section id="ul.add"><title>ul.add</title>
<para>
        Add a new contact for an address of record
</para>
<para>
</para>
</section>

<section id="ul.db_users"><title>ul.db_users</title>
<para>
        Tell number of different unexpired users (AoRs) in database
        table (db_mode!=0 only)
</para>
<para>
</para>
</section>

<section id="ul.db_contacts"><title>ul.db_contacts</title>
<para>
        Tell number of unexpired contacts in database table (db_mode=3
        only)
</para>
<para>
</para>
</section>

<section id="ul.db_expired_contacts"><title>ul.db_expired_contacts</title>
<para>
        Tell number of expired contacts in database table (db_mode=3
        only)
</para>
<para>
</para>
</section>

</chapter>
