<?xml version="1.0" encoding="UTF-8"?>
<!-- this file is autogenerated, do not edit! -->
<!DOCTYPE section PUBLIC "-//OASIS//DTD DocBook XML V4.2//EN"
	"http://www.oasis-open.org/docbook/xml/4.2/docbookx.dtd">
<chapter id="rpc_exports.auth_ephemeral">
	<title>
RPC Exports for auth_ephemeral
	</title>


<section id="autheph.dump_secrets"><title>autheph.dump_secrets</title>
<para>
        Documentation missing (autheph_rpc_dump_secrets_doc).
</para>
<para>
        Returns an array.
</para>
</section>

<section id="autheph.add_secret"><title>autheph.add_secret</title>
<para>
        Add a secret
</para>
<para>
</para>
</section>

<section id="autheph.rm_secret"><title>autheph.rm_secret</title>
<para>
        Remove a secret
</para>
<para>
</para>
</section>

</chapter>
