<?xml version="1.0" encoding="UTF-8"?>
<!-- this file is autogenerated, do not edit! -->
<!DOCTYPE section PUBLIC "-//OASIS//DTD DocBook XML V4.2//EN"
	"http://www.oasis-open.org/docbook/xml/4.2/docbookx.dtd">
<chapter id="rpc_exports.rtpengine">
	<title>
RPC Exports for rtpengine
	</title>


<section id="rtpengine.reload"><title>rtpengine.reload</title>
<para>
        Documentation missing (rtpengine_rpc_reload_doc).
</para>
<para>
</para>
</section>

<section id="rtpengine.ping"><title>rtpengine.ping</title>
<para>
        Documentation missing (rtpengine_rpc_ping_doc).
</para>
<para>
</para>
</section>

<section id="rtpengine.show"><title>rtpengine.show</title>
<para>
        Documentation missing (rtpengine_rpc_show_doc).
</para>
<para>
        Returns an array.
</para>
</section>

<section id="rtpengine.enable"><title>rtpengine.enable</title>
<para>
        Documentation missing (rtpengine_rpc_enable_doc).
</para>
<para>
</para>
</section>

<section id="rtpengine.get_hash_total"><title>rtpengine.get_hash_total</title>
<para>
        Documentation missing (rtpengine_rpc_get_hash_total_doc).
</para>
<para>
</para>
</section>

</chapter>
