<?xml version="1.0" encoding="UTF-8"?>
<!-- this file is autogenerated, do not edit! -->
<!DOCTYPE section PUBLIC "-//OASIS//DTD DocBook XML V4.2//EN"
	"http://www.oasis-open.org/docbook/xml/4.2/docbookx.dtd">
<chapter id="rpc_exports.pike">
	<title>
RPC Exports for pike
	</title>


<section id="pike.top"><title>pike.top</title>
<para>
        Documentation missing (pike_top_doc).
</para>
<para>
</para>
</section>

<section id="pike.list"><title>pike.list</title>
<para>
        Documentation missing (pike_top_doc).
</para>
<para>
</para>
</section>

</chapter>
