<?xml version="1.0" encoding="UTF-8"?>
<!-- this file is autogenerated, do not edit! -->
<!DOCTYPE section PUBLIC "-//OASIS//DTD DocBook XML V4.2//EN"
	"http://www.oasis-open.org/docbook/xml/4.2/docbookx.dtd">
<chapter id="rpc_exports.app_sqlang">
	<title>
RPC Exports for app_sqlang
	</title>


<section id="app_sqlang.reload"><title>app_sqlang.reload</title>
<para>
        Documentation missing (app_sqlang_rpc_reload_doc).
</para>
<para>
</para>
</section>

<section id="app_sqlang.api_list"><title>app_sqlang.api_list</title>
<para>
        Documentation missing (app_sqlang_rpc_api_list_doc).
</para>
<para>
</para>
</section>

</chapter>
